CustomerID,similarity_score
C0069,0.8938375903966407
C0119,0.825640220647195
C0121,0.8119308944361859
